Player,Pos,Attempts,Comps,Pass Yards,Pass TDs,Ints,Receptions,Rec Yards,Rec TDs,Rush Yards,Rush TDs,Fumbles,Projections,Actuals,Rank
Lamar Jackson,QB,28.32,17.98,216.5,1.92,0.56,,,,48.5,0.5,0.3,23.64,0,1
Josh Allen,QB,31.1,20.22,229.5,1.66,0.64,,,,34.5,0.69,0.23,22.81,0,2
Jayden Daniels,QB,31.38,20.99,228.5,1.52,0.46,,,,46.5,0.48,0.22,22.26,0,3
Jalen Hurts,QB,27.56,17.7,207.5,1.27,0.63,,,,44.5,0.82,0.24,22.14,0,4
Joe Burrow,QB,37.76,26.24,276.5,2.28,0.69,,,,10.42,0.18,0.23,21.63,0,5
Kyler Murray,QB,32.07,21.81,215.5,1.55,0.6,,,,38.0,0.42,0.25,20.52,0,6
Christian McCaffrey,RB,,,,,,4.57,34.78,,81.5,,0.1,20.22,0,7
Ja'Marr Chase,WR,,,,,,6.62,85.5,0.79,0.87,,0.03,20.01,0,8
Patrick Mahomes,QB,35.57,23.87,242.5,1.81,0.71,,,,21.6,0.24,0.13,19.81,0,9
Justin Herbert,QB,31.37,20.94,251.5,1.75,0.52,,,,18.51,0.21,0.16,19.62,0,10
Justin Jefferson,WR,,,,,,6.05,93.8,0.66,0.21,,0.03,19.39,0,11
Baker Mayfield,QB,32.96,21.4,234.5,1.87,0.84,,,,17.28,0.19,0.26,18.91,0,12
Bijan Robinson,RB,,,,,,3.68,26.09,,68.5,0.95,0.08,18.82,0,13
Drake Maye,QB,32.03,20.81,216.5,1.45,0.78,,,,33.03,0.29,0.26,18.75,0,14
Puka Nacua,WR,,,,,,7.24,78.5,0.56,2.85,,0.03,18.71,0,15
CeeDee Lamb,WR,,,,,,6.76,76.5,0.62,4.39,,0.03,18.59,0,16
Chase Brown,RB,,,,,,3.52,26.74,,70.5,0.89,0.11,18.57,0,17
Caleb Williams,QB,33.21,20.69,217.5,1.51,0.66,,,,32.83,0.19,0.27,18.47,0,18
Dak Prescott,QB,36.75,24.82,244.5,1.86,0.74,,,,9.7,0.15,0.22,18.35,0,19
Bucky Irving,RB,,,,,,2.88,21.23,,91.21,0.68,0.09,18.22,0,20
Daniel Jones,QB,32.02,20.77,203.5,1.26,0.7,,,,28.48,0.48,0.42,18.18,0,21
Justin Fields,QB,29.87,18.33,184.5,1.07,0.87,,,,43.5,0.5,0.3,18.15,0,22
Trevor Lawrence,QB,34.64,21.95,239.5,1.66,0.86,,,,16.55,0.19,0.27,18.15,0,23
Jahmyr Gibbs,RB,,,,,,3.42,23.47,,68.5,0.9,0.09,18.04,0,24
Bo Nix,QB,33.24,21.98,230.5,1.48,0.9,,,,23.56,0.24,0.18,18.04,0,25
De'Von Achane,RB,,,,,,4.68,27.5,,63.5,0.7,0.09,17.98,0,26
J.J. McCarthy,QB,33.42,21.65,216.5,1.58,0.76,,,,15.65,0.35,0.22,17.91,0,27
Jonathan Taylor,RB,,,,,,3.17,22.08,,77.5,0.79,0.08,17.84,0,28
Jared Goff,QB,33.01,22.32,250.5,1.8,0.72,,,,7.14,0.08,0.2,17.69,0,29
Jordan Love,QB,30.39,19.1,234.5,1.71,0.55,,,,6.5,0.22,0.19,17.65,0,30
Saquon Barkley,RB,,,,,,2.17,13.6,,87.5,0.89,0.09,17.6,0,31
Ashton Jeanty,RB,,,,,,3.31,27.78,,70.5,0.74,0.08,17.55,0,32
Geno Smith,QB,35.34,23.83,242.5,1.66,0.83,,,,10.34,0.17,0.19,17.54,0,33
Malik Nabers,WR,,,,,,6.04,76.5,0.6,1.6,,0.03,17.44,0,34
Derrick Henry,RB,,,,,,1.04,8.38,,93.5,1.01,0.1,17.27,0,35
Nico Collins,WR,,,,,,5.9,75.5,0.59,0.22,,0.03,16.99,0,36
Brock Bowers,TE,,,,,,6.5,70.36,0.52,1.26,,0.03,16.77,0,37
Kyren Williams,RB,,,,,,2.32,14.01,,76.5,0.89,0.09,16.7,0,38
Josh Jacobs,RB,,,,,,2.0,13.5,,77.5,0.92,0.1,16.6,0,39
Tua Tagovailoa,QB,35.01,23.35,236.5,1.6,0.84,,,,7.59,0.1,0.25,16.38,0,40
C.J. Stroud,QB,33.91,21.88,227.5,1.28,0.67,,,,12.81,0.25,0.19,16.34,0,41
Drake London,WR,,,,,,5.74,75.74,0.48,0.57,,0.03,16.26,0,42
Matthew Stafford,QB,33.32,21.95,235.5,1.63,0.75,,,,5.71,0.08,0.13,16.24,0,43
Amon-Ra St. Brown,WR,,,,,,6.16,63.5,0.6,0.74,,0.03,16.18,0,44
Russell Wilson,QB,30.85,19.63,217.5,1.4,0.75,,,,14.27,0.2,0.17,16.18,0,45
Jaxon Smith-Njigba,WR,,,,,,6.43,63.5,0.5,1.96,,0.03,16.0,0,46
Trey McBride,TE,,,,,,6.79,59.5,0.52,0.15,,0.03,15.87,0,47
Joe Flacco,QB,37.03,22.43,240.5,1.57,0.9,,,,3.3,0.08,0.24,15.78,0,48
Bryce Young,QB,32.81,20.22,203.5,1.28,0.73,,,,18.6,0.23,0.25,15.78,0,49
Brian Thomas,WR,,,,,,5.53,67.5,0.56,0.9,,0.03,15.74,0,50
Omarion Hampton,RB,,,,,,1.99,17.03,,72.87,0.79,0.09,15.69,0,51
Aaron Rodgers,QB,33.26,22.23,224.5,1.44,0.6,,,,6.66,0.14,0.16,15.65,0,52
Tony Pollard,RB,,,,,,3.1,21.12,,67.5,0.6,0.06,15.55,0,53
Breece Hall,RB,,,,,,3.29,24.99,,62.9,0.57,0.08,15.5,0,54
Alvin Kamara,RB,,,,,,3.64,24.97,,59.44,,0.08,15.44,0,55
James Conner,RB,,,,,,2.6,14.5,,63.5,0.83,0.08,15.39,0,56
Garrett Wilson,WR,,,,,,5.67,69.2,0.41,2.32,,0.03,15.27,0,57
Mike Evans,WR,,,,,,4.71,73.19,0.54,,,0.03,15.26,0,58
Tyreek Hill,WR,,,,,,4.92,65.5,0.58,2.05,,0.03,15.18,0,59
Tee Higgins,WR,,,,,,4.86,66.5,0.61,,,0.03,15.15,0,60
Jakobi Meyers,WR,,,,,,5.41,68.3,0.46,0.71,,0.03,15.09,0,61
Chuba Hubbard,RB,,,,,,2.98,11.5,,68.5,0.66,0.08,14.92,0,62
George Pickens,WR,,,,,,4.5,73.61,0.49,0.78,,0.03,14.85,0,63
Javonte Williams,RB,,,,,,2.9,17.34,,65.76,0.6,0.1,14.8,0,64
Ladd McConkey,WR,,,,,,4.92,66.9,0.51,0.72,,0.03,14.75,0,65
Tyrone Tracy,RB,,,,,,2.53,19.92,,68.25,0.56,0.07,14.71,0,66
Jaylen Warren,RB,,,,,,2.22,14.85,,71.36,0.64,0.07,14.66,0,67
Travis Kelce,TE,,,,,,5.48,58.23,0.55,0.09,,0.03,14.62,0,68
James Cook,RB,,,,,,2.15,16.38,,60.5,0.78,0.09,14.51,0,69
Tetairoa McMillan,WR,,,,,,5.64,60.5,0.45,1.3,,0.03,14.51,0,70
D'Andre Swift,RB,,,,,,2.77,19.66,,66.3,0.52,0.07,14.47,0,71
Travis Etienne,RB,,,,,,2.52,18.46,,63.65,0.62,0.08,14.44,0,72
Cam Ward,QB,31.98,19.53,200.5,1.13,0.8,,,,13.05,0.22,0.26,14.37,0,73
Sam Darnold,QB,33.74,20.49,198.5,1.33,0.96,,,,10.44,0.16,0.21,14.31,0,74
Courtland Sutton,WR,,,,,,4.92,62.5,0.48,,,0.03,14.06,0,75
DK Metcalf,WR,,,,,,4.65,61.5,0.53,0.24,,0.03,14.03,0,76
A.J. Brown,WR,,,,,,4.69,65.5,0.46,,,0.03,14.03,0,77
Michael Penix,QB,32.5,20.31,227.5,1.0,0.9,,,,9.34,0.15,0.21,14.01,0,78
Davante Adams,WR,,,,,,4.93,56.5,0.56,,,0.03,13.95,0,79
J.K. Dobbins,RB,,,,,,2.32,14.2,,63.02,0.65,0.11,13.92,0,80
Emeka Egbuka,WR,,,,,,4.8,58.44,0.51,0.97,,0.03,13.81,0,81
Deebo Samuel,WR,,,,,,4.93,52.5,0.45,7.5,,0.03,13.65,0,82
Zay Flowers,WR,,,,,,4.43,56.5,0.52,3.26,,0.03,13.51,0,83
Chris Olave,WR,,,,,,5.09,68.31,,0.24,,0.03,13.45,0,84
Mac Jones,QB,31.65,20.1,208.53,1.17,0.9,,,,7.71,,0.42,13.37,0,85
DJ Moore,WR,,,,,,4.49,56.5,0.46,3.97,,0.03,13.31,0,86
Hollywood Brown,WR,,,,,,4.55,55.47,0.5,1.22,,0.03,13.24,0,87
Marvin Harrison,WR,,,,,,4.38,53.5,0.56,0.86,,0.03,13.15,0,88
Michael Pittman,WR,,,,,,4.97,59.06,0.36,0.3,,0.03,13.04,0,89
Jordan Mason,RB,,,,,,1.52,12.18,,64.72,0.64,0.08,13.03,0,90
Jerry Jeudy,WR,,,,,,4.74,56.5,0.41,0.69,,0.02,12.91,0,91
Jameson Williams,WR,,,,,,3.88,60.51,0.43,3.87,,0.03,12.88,0,92
Terry McLaurin,WR,,,,,,4.5,55.5,0.46,0.54,,0.03,12.85,0,93
Ricky Pearsall,WR,,,,,,4.49,59.84,,3.46,,0.03,12.74,0,94
Calvin Ridley,WR,,,,,,4.45,55.5,0.41,1.48,,0.03,12.6,0,95
DeVonta Smith,WR,,,,,,4.54,54.5,0.43,0.26,,0.03,12.58,0,96
Spencer Rattler,QB,32.93,19.97,195.26,0.83,0.83,,,,22.0,,0.29,12.56,0,97
Jaylen Waddle,WR,,,,,,4.47,50.5,0.48,0.94,,0.03,12.49,0,98
Rashid Shaheed,WR,,,,,,4.02,62.24,,2.11,,0.06,12.44,0,99
David Montgomery,RB,,,,,,1.71,12.86,,47.45,0.78,0.06,12.42,0,100
Sam LaPorta,TE,,,,,,4.43,48.5,0.47,,,0.03,12.09,0,101
Aaron Jones,RB,,,,,,2.59,16.8,,45.59,0.54,0.08,12.06,0,102
Keon Coleman,WR,,,,,,3.73,56.81,0.43,0.29,,0.04,12.0,0,103
TreVeyon Henderson,RB,,,,,,2.7,21.47,,37.5,0.52,0.05,11.7,0,104
Rome Odunze,WR,,,,,,3.66,54.11,0.43,0.39,,0.03,11.67,0,105
Nick Chubb,RB,,,,,,1.43,10.95,,60.53,0.49,0.08,11.49,0,106
Travis Hunter,WR,,,,,,4.28,46.16,0.39,2.06,,0.02,11.45,0,107
Khalil Shakir,WR,,,,,,3.98,48.27,0.43,0.67,,0.03,11.43,0,108
T.J. Hockenson,TE,,,,,,4.43,44.06,0.43,,,0.03,11.4,0,109
Tyler Warren,TE,,,,,,4.43,44.51,0.38,1.67,,0.06,11.32,0,110
Jauan Jennings,WR,,,,,,4.05,52.59,,0.27,,0.03,11.08,0,111
David Njoku,TE,,,,,,4.37,44.8,0.37,,,0.02,11.06,0,112
Keenan Allen,WR,,,,,,3.69,45.98,0.44,0.23,,0.04,10.93,0,113
Stefon Diggs,WR,,,,,,4.28,40.5,0.41,0.59,,0.03,10.87,0,114
Kenneth Walker,RB,,,,,,2.23,15.25,,43.27,0.44,0.07,10.75,0,115
Christian Kirk,WR,,,,,,3.75,51.36,,0.41,,0.03,10.61,0,116
Mark Andrews,TE,,,,,,3.49,40.69,0.5,0.36,,0.03,10.61,0,117
Cooper Kupp,WR,,,,,,3.8,47.06,0.32,0.74,,0.02,10.47,0,118
Calvin Austin,WR,,,,,,3.48,47.84,0.34,0.74,,0.02,10.4,0,119
Isiah Pacheco,RB,,,,,,1.75,11.24,,47.85,0.45,0.05,10.38,0,120
Zach Charbonnet,RB,,,,,,2.19,15.39,,40.4,0.43,0.05,10.33,0,121
Cedric Tillman,WR,,,,,,3.69,45.38,0.32,0.22,,0.02,10.2,0,122
Tucker Kraft,TE,,,,,,3.66,40.5,0.41,0.04,,0.03,10.15,0,123
Wan'Dale Robinson,WR,,,,,,4.13,41.19,0.28,1.84,,0.03,10.12,0,124
Dallas Goedert,TE,,,,,,3.82,43.26,0.32,0.3,,0.03,10.07,0,125
Jayden Reed,WR,,,,,,3.23,39.5,0.41,3.75,,0.04,10.01,0,126
Austin Ekeler,RB,,,,,,3.25,23.5,,22.5,0.36,0.06,10.0,0,127
Harold Fannin,TE,,,,,,4.05,40.73,0.27,0.46,,0.02,9.82,0,128
Jake Ferguson,TE,,,,,,3.74,35.89,0.41,,,0.03,9.81,0,129
Evan Engram,TE,,,,,,3.84,35.69,0.39,,,0.02,9.75,0,130
Romeo Doubs,WR,,,,,,3.44,40.5,0.38,,,0.03,9.74,0,131
Dylan Sampson,RB,,,,,,1.93,16.15,,41.02,0.35,0.06,9.72,0,132
Chig Okonkwo,TE,,,,,,3.89,39.95,0.29,0.26,,0.03,9.64,0,133
Kayshon Boutte,WR,,,,,,3.31,45.44,0.28,0.25,,0.02,9.55,0,134
Elic Ayomanor,WR,,,,,,3.51,41.48,0.29,0.84,,0.02,9.5,0,135
Josh Downs,WR,,,,,,3.64,41.92,0.24,0.76,,0.02,9.37,0,136
Dalton Schultz,TE,,,,,,3.58,35.68,0.37,,,0.04,9.35,0,137
Darnell Mooney,WR,,,,,,3.09,44.23,0.3,0.26,,0.02,9.34,0,138
Adam Thielen,WR,,,,,,3.52,41.94,0.26,0.13,,0.04,9.29,0,139
Trey Benson,RB,,,,,,1.37,11.76,,45.61,0.35,0.06,9.22,0,140
Marvin Mims,WR,,,,,,3.03,40.4,0.31,2.16,,0.05,9.12,0,141
Kenneth Gainwell,RB,,,,,,2.09,13.37,,33.83,0.38,0.06,9.1,0,142
Dalton Kincaid,TE,,,,,,3.41,31.85,0.41,,,0.03,9.08,0,143
Kyle Pitts,TE,,,,,,3.28,41.41,0.27,,,0.02,9.03,0,144
Brenton Strange,TE,,,,,,3.56,36.66,0.3,,,0.02,9.02,0,145
Matthew Golden,WR,,,,,,3.14,35.5,0.36,1.64,,0.02,9.01,0,146
Quentin Johnston,WR,,,,,,2.87,38.47,0.37,0.61,,0.05,8.98,0,147
Hunter Henry,TE,,,,,,3.55,32.5,0.36,,,0.03,8.97,0,148
Zach Ertz,TE,,,,,,3.55,32.5,0.36,,,0.02,8.95,0,149
Xavier Legette,WR,,,,,,3.38,35.5,0.32,1.12,,0.03,8.93,0,150
RJ Harvey,RB,,,,,,1.22,10.57,,35.86,0.5,0.04,8.86,0,151
Rashod Bateman,WR,,,,,,2.58,37.46,0.41,,,0.02,8.8,0,152
Ja'Tavion Sanders,TE,,,,,,3.31,33.37,0.35,,,0.02,8.74,0,153
DeMario Douglas,WR,,,,,,3.31,37.08,0.24,2.81,,0.02,8.73,0,154
Kareem Hunt,RB,,,,,,1.98,11.97,,31.06,0.39,0.06,8.62,0,155
Juwan Johnson,TE,,,,,,3.46,36.5,,,,0.02,8.61,0,156
Joshua Palmer,WR,,,,,,2.95,40.86,0.25,,,0.02,8.54,0,157
Rhamondre Stevenson,RB,,,,,,0.8,4.77,,39.5,0.55,0.06,8.51,0,158
Jonnu Smith,TE,,,,,,3.43,35.1,0.25,0.3,,0.03,8.47,0,159
Jacory Croskey-Merritt,RB,,,,,,1.08,9.4,,40.5,0.35,0.07,8.14,0,160
JuJu Smith-Schuster,WR,,,,,,2.88,31.43,0.34,,,0.01,8.09,0,161
Ray-Ray McCloud,WR,,,,,,2.72,30.35,0.29,3.22,,0.09,7.84,0,162
Mike Gesicki,TE,,,,,,2.68,30.29,0.34,,,0.02,7.77,0,163
Cole Kmet,TE,,,,,,3.23,33.99,0.19,,,0.05,7.75,0,164
Cade Otton,TE,,,,,,2.99,30.31,0.29,,,0.02,7.75,0,165
Dont'e Thornton,WR,,,,,,2.52,30.03,0.35,0.25,,0.01,7.66,0,166
Troy Franklin,WR,,,,,,2.44,28.8,0.37,0.38,,0.01,7.56,0,167
Mason Taylor,TE,,,,,,2.84,28.78,0.29,0.01,,0.01,7.44,0,168
Dyami Brown,WR,,,,,,2.29,31.05,0.29,0.53,,0.01,7.17,0,169
Tyler Higbee,TE,,,,,,2.61,23.5,0.36,,,0.01,7.13,0,170
Alec Pierce,WR,,,,,,2.17,37.89,0.19,,,0.01,7.07,0,171
Theo Johnson,TE,,,,,,2.51,27.89,0.28,,,0.01,6.99,0,172
Pat Freiermuth,TE,,,,,,2.69,26.69,0.27,,,0.02,6.96,0,173
Colston Loveland,TE,,,,,,2.52,26.2,0.29,0.02,,0.02,6.91,0,174
AJ Barner,TE,,,,,,2.83,26.3,0.24,,,0.01,6.88,0,175
Jerome Ford,RB,,,,,,1.66,11.61,,21.21,0.32,0.04,6.83,0,176
Tre Tucker,WR,,,,,,1.87,25.88,0.36,1.3,,0.01,6.72,0,177
Darius Slayton,WR,,,,,,1.87,30.84,0.29,0.1,,0.01,6.69,0,178
Bhayshul Tuten,RB,,,,,,0.91,8.16,,26.81,0.37,0.03,6.62,0,179
Najee Harris,RB,,,,,,0.75,4.75,,26.26,0.44,0.05,6.52,0,180
Noah Fant,TE,,,,,,2.37,25.67,0.25,,,0.01,6.44,0,181
Michael Wilson,WR,,,,,,2.6,23.5,0.24,0.29,,0.01,6.44,0,182
Darren Waller,TE,,,,,,2.28,24.86,0.28,,,0.01,6.42,0,183
Jalen Nailor,WR,,,,,,1.96,26.77,0.29,0.11,,0.01,6.42,0,184
Tyler Allgeier,RB,,,,,,0.54,4.18,,36.76,0.29,0.05,6.38,0,185
Rachaad White,RB,,,,,,1.64,11.29,,18.77,0.24,0.05,6.09,0,186
Josh Reynolds,WR,,,,,,1.87,25.88,0.26,,,,6.02,0,187
Justice Hill,RB,,,,,,2.01,14.05,,10.93,0.24,0.06,5.95,0,188
Malik Washington,WR,,,,,,2.23,23.6,0.21,0.84,,0.03,5.92,0,189
Ollie Gordon,RB,,,,,,0.84,7.17,,28.89,0.24,0.03,5.87,0,190
Hunter Renfrow,WR,,,,,,2.19,23.09,0.22,,,0.01,5.79,0,191
Quinshon Judkins,RB,,,,,,0.9,8.08,,25.83,,0.04,5.73,0,192
Michael Mayer,TE,,,,,,1.91,18.72,0.31,,,0.01,5.64,0,193
Brian Robinson,RB,,,,,,0.85,7.01,,21.84,,0.05,5.6,0,194
Tyler Lockett,WR,,,,,,1.87,25.84,0.19,,,0.01,5.57,0,195
Will Dissly,TE,,,,,,1.9,19.06,0.29,,,0.01,5.53,0,196
Olamide Zaccheaus,WR,,,,,,1.59,22.09,0.28,0.54,,0.01,5.52,0,197
Rico Dowdle,RB,,,,,,1.6,10.96,,16.57,0.19,0.04,5.52,0,198
KaVontae Turpin,WR,,,,,,1.62,20.55,0.23,3.99,,0.03,5.48,0,199
Noah Brown,WR,,,,,,2.35,21.5,0.15,,,0.01,5.42,0,200
Braelon Allen,RB,,,,,,0.56,4.53,,21.19,0.38,0.03,5.41,0,201
Tyler Conklin,TE,,,,,,1.78,17.14,0.32,,,0.01,5.39,0,202
Cam Skattebo,RB,,,,,,0.79,6.93,,19.23,0.3,0.03,5.2,0,203
Jayden Higgins,WR,,,,,,1.65,18.43,0.28,0.29,,0.01,5.17,0,204
DeAndre Hopkins,WR,,,,,,1.38,19.13,0.29,,,0.01,5.06,0,205
Tory Horton,WR,,,,,,1.63,18.79,0.23,0.8,,0.01,4.96,0,206
Andrei Iosivas,WR,,,,,,1.41,18.92,0.27,,,0.01,4.95,0,207
Ray Davis,RB,,,,,,0.63,5.42,,19.47,0.29,0.04,4.86,0,208
Elijah Arroyo,TE,,,,,,1.86,19.13,0.15,,,0.01,4.66,0,209
Tyquan Thornton,WR,,,,,,1.19,13.82,0.34,,,0.01,4.62,0,210
Kendre Miller,RB,,,,,,0.95,7.92,,20.61,,0.03,4.52,0,211
Sterling Shepard,WR,,,,,,1.45,17.05,0.22,0.7,,0.01,4.52,0,212
Devin Singletary,RB,,,,,,0.38,2.26,,24.52,0.24,0.03,4.48,0,213
Kyle Monangai,RB,,,,,,0.47,4.26,,14.29,0.35,0.02,4.41,0,214
Miles Sanders,RB,,,,,,0.69,4.15,,16.1,0.28,0.02,4.37,0,215
Samaje Perine,RB,,,,,,1.35,10.82,,7.55,0.19,0.05,4.36,0,216
Brandin Cooks,WR,,,,,,1.51,19.63,,0.32,,0.01,4.29,0,217
LeQuint Allen,RB,,,,,,1.24,10.93,,8.09,0.18,0.02,4.24,0,218
Noah Gray,TE,,,,,,1.43,14.0,0.22,0.12,,0.01,4.17,0,219
Nick Westbrook-Ikhine,WR,,,,,,1.17,16.9,0.21,0.23,,0.01,4.13,0,220
Dontayvion Wicks,WR,,,,,,1.21,15.73,0.22,0.25,,0.01,4.1,0,221
Dare Ogunbowale,RB,,,,,,1.32,9.7,,7.68,0.16,0.02,4.05,0,222
Ty Johnson,RB,,,,,,0.79,6.89,,13.62,0.19,0.02,4.01,0,223
Isaiah Likely,TE,,,,,,1.54,16.9,,,,0.02,4.01,0,224
Jalen Tolbert,WR,,,,,,1.22,15.42,0.19,,,0.01,3.93,0,225
Blake Corum,RB,,,,,,0.38,3.19,,15.84,0.27,0.03,3.88,0,226
Tyler Badie,RB,,,,,,1.31,11.47,,7.43,0.09,0.02,3.75,0,227
Dawson Knox,TE,,,,,,1.15,12.36,0.21,,,0.01,3.67,0,228
Jahan Dotson,WR,,,,,,1.15,15.03,0.16,0.33,,0.01,3.67,0,229
Emanuel Wilson,RB,,,,,,0.88,6.46,,13.45,0.13,0.02,3.64,0,230
Roman Wilson,WR,,,,,,1.29,14.38,0.15,,,0.01,3.63,0,231
Roschon Johnson,RB,,,,,,0.79,5.82,,4.91,0.29,0.01,3.63,0,232
Tutu Atwell,WR,,,,,,0.94,12.34,0.23,0.69,,0.01,3.6,0,233
Josh Oliver,TE,,,,,,1.27,12.4,0.18,,,0.01,3.59,0,234
Tommy Tremble,TE,,,,,,1.25,11.82,0.19,,,0.01,3.59,0,235
Kyle Juszczyk,FB,,,,,,1.33,13.35,,0.9,,0.01,3.54,0,236
Isaac TeSlaa,WR,,,,,,0.85,9.95,0.27,0.08,,0.0,3.5,0,237
Dameon Pierce,RB,,,,,,0.45,3.12,,16.91,0.17,0.05,3.46,0,238
Luther Burden,WR,,,,,,0.88,10.04,0.23,1.64,,0.01,3.45,0,239
Gunnar Helm,TE,,,,,,1.27,13.38,0.14,,,0.01,3.45,0,240
Will Shipley,RB,,,,,,0.53,4.37,,13.9,0.18,0.02,3.44,0,241
Terrance Ferguson,TE,,,,,,1.46,14.68,,,,0.01,3.41,0,242
Jeremy Ruckert,TE,,,,,,1.34,12.04,0.14,,,0.01,3.39,0,243
Woody Marks,RB,,,,,,0.57,4.95,,14.06,0.15,0.02,3.36,0,244
Jaylin Noel,WR,,,,,,0.99,10.89,0.19,0.98,,0.01,3.34,0,245
Kaleb Johnson,RB,,,,,,0.45,3.86,,12.75,0.19,0.01,3.28,0,246
Julian Hill,TE,,,,,,0.85,8.37,0.26,,,0.0,3.27,0,247
Zamir White,RB,,,,,,0.37,2.76,,11.88,0.23,0.02,3.24,0,248
Xavier Hutchinson,WR,,,,,,0.92,11.01,0.2,,,,3.23,0,249
Justin Watson,WR,,,,,,0.77,11.47,0.22,,,0.0,3.22,0,250
Adam Trautman,TE,,,,,,0.93,9.9,0.21,,,0.0,3.17,0,251
Kalif Raymond,WR,,,,,,1.1,15.19,,0.86,,0.04,3.13,0,252
Jaylen Wright,RB,,,,,,0.35,2.99,,13.11,0.19,0.03,3.13,0,253
Mack Hollins,WR,,,,,,0.91,11.83,0.16,0.27,,0.01,3.1,0,254
Greg Dortch,WR,,,,,,0.97,10.23,0.16,1.0,,0.01,3.07,0,255
Jaydon Blue,RB,,,,,,0.27,2.34,,8.94,0.28,0.01,3.06,0,256
Jordan Whittington,WR,,,,,,0.71,8.24,0.23,1.52,,0.0,3.04,0,257
Jake Tonges,TE,,,,,,1.28,13.08,,,,0.01,3.01,0,258
Luke Schoonmaker,TE,,,,,,1.1,10.58,0.14,,,0.01,2.99,0,259
Julius Chestnut,RB,,,,,,0.43,3.83,,11.52,0.16,0.02,2.94,0,260
Kendrick Bourne,WR,,,,,,1.0,14.05,,,,0.01,2.89,0,261
Austin Hooper,TE,,,,,,0.94,9.14,0.16,,,0.0,2.84,0,262
DJ Giddens,RB,,,,,,0.45,3.92,,9.28,0.18,0.01,2.84,0,263
Jalen Royals,WR,,,,,,1.11,12.12,,0.24,,0.01,2.83,0,264
Jamari Thrash,WR,,,,,,0.69,8.08,0.22,,,,2.82,0,265
Brashard Smith,RB,,,,,,0.53,4.45,,8.07,0.16,0.01,2.76,0,266
Jaylin Lane,WR,,,,,,0.9,10.06,0.13,0.5,,0.01,2.73,0,267
Xavier Worthy,WR,,,,,,0.88,10.44,,1.26,,0.01,2.65,0,268
Luke Musgrave,TE,,,,,,0.98,9.65,0.12,,,0.01,2.65,0,269
Colby Parkinson,TE,,,,,,0.74,7.41,0.19,,,0.0,2.64,0,270
KeAndre Lambert-Smith,WR,,,,,,0.68,7.75,0.19,0.26,,0.0,2.61,0,271
Devin Neal,RB,,,,,,0.49,4.16,,10.91,,0.01,2.6,0,272
Tip Reiman,TE,,,,,,0.75,7.42,0.18,,,0.0,2.59,0,273
Chris Brooks,RB,,,,,,0.37,2.91,,8.42,0.17,0.01,2.55,0,274
Chimere Dike,WR,,,,,,0.69,8.01,0.16,0.46,,0.0,2.53,0,275
Isaiah Davis,RB,,,,,,0.59,4.95,,5.97,0.14,0.01,2.5,0,276
Luke Farrell,TE,,,,,,1.11,10.82,,,,0.01,2.49,0,277
Tai Felton,WR,,,,,,0.68,7.5,0.16,0.19,,0.0,2.43,0,278
Hassan Haskins,RB,,,,,,0.62,4.81,,4.69,0.14,0.01,2.42,0,279
Johnny Mundt,TE,,,,,,0.96,8.94,0.09,,,0.0,2.4,0,280
Antonio Gibson,RB,,,,,,0.5,3.5,,7.65,0.13,0.01,2.39,0,281
Elijah Higgins,TE,,,,,,0.6,5.86,0.19,,,0.0,2.36,0,282
Charlie Kolar,TE,,,,,,0.42,4.74,0.23,0.19,,0.0,2.28,0,283
Parker Washington,WR,,,,,,0.47,5.65,0.19,0.66,,0.0,2.26,0,284
Dee Eskridge,WR,,,,,,0.53,5.97,0.19,,,0.0,2.24,0,285
Jack Bech,WR,,,,,,0.63,7.24,0.14,0.31,,0.0,2.24,0,286
Emari Demercado,RB,,,,,,0.25,1.8,,7.14,0.18,0.01,2.23,0,287
Kalel Mullings,RB,,,,,,0.25,2.21,,7.55,0.16,0.01,2.2,0,288
Drew Sample,TE,,,,,,0.81,7.02,0.11,,,0.0,2.18,0,289
Trevor Etienne,RB,,,,,,0.26,2.25,,10.2,0.11,0.01,2.17,0,290
Jaleel McLaughlin,RB,,,,,,0.66,3.94,,5.05,0.1,0.03,2.15,0,291
Sean Tucker,RB,,,,,,0.36,3.23,,6.53,0.13,0.02,2.1,0,292
Payne Durham,TE,,,,,,0.63,6.52,0.14,,,0.0,2.1,0,293
Devaughn Vele,WR,,,,,,0.81,9.64,,0.24,,0.0,2.1,0,294
Russell Gage,WR,,,,,,0.78,9.49,,,,0.0,2.09,0,295
Brevyn Spann-Ford,TE,,,,,,0.64,6.59,0.13,,,0.0,2.08,0,296
Tre' Harris,WR,,,,,,0.41,4.57,0.19,0.37,,0.0,2.03,0,297
Adonai Mitchell,WR,,,,,,0.5,6.45,0.14,0.37,,0.0,2.02,0,298
Zay Jones,WR,,,,,,0.58,6.6,0.11,0.56,,0.0,1.96,0,299
Grant Calcaterra,TE,,,,,,0.25,2.72,0.24,,,0.0,1.94,0,300
Devin Culp,TE,,,,,,0.71,7.94,,,,0.0,1.92,0,301
Allen Lazard,WR,,,,,,0.33,4.57,0.18,,,0.0,1.87,0,302
Kyle Williams,WR,,,,,,0.48,5.36,0.12,0.75,,0.0,1.84,0,303
Charlie Jones,WR,,,,,,0.61,6.36,0.09,0.19,,0.0,1.83,0,304
Hunter Luepke,FB,,,,,,0.41,4.0,,1.93,0.14,0.0,1.82,0,305
Isaiah Bond,WR,,,,,,0.7,7.97,,,,,1.8,0,306
Daniel Bellinger,TE,,,,,,0.61,6.04,0.09,,,0.0,1.76,0,307
Curtis Samuel,WR,,,,,,0.31,3.36,0.16,1.28,,0.0,1.74,0,308
Casey Washington,WR,,,,,,0.44,5.28,0.12,,,0.0,1.68,0,309
Mo Alie-Cox,TE,,,,,,0.27,3.01,0.18,,,0.0,1.65,0,310
Jake Bobo,WR,,,,,,0.24,2.71,0.18,,,0.0,1.59,0,311
Trent Sherfield,WR,,,,,,0.23,2.69,0.18,,,0.0,1.57,0,312
Charlie Woerner,TE,,,,,,0.5,4.95,0.1,,,0.0,1.57,0,313
Elijah Moore,WR,,,,,,0.26,3.04,0.16,,,0.0,1.55,0,314
Pat Bryant,WR,,,,,,0.39,4.45,0.12,0.04,,0.0,1.55,0,315
Brock Wright,TE,,,,,,0.36,3.45,0.14,,,0.0,1.52,0,316
John Bates,TE,,,,,,0.56,5.47,0.07,,,0.0,1.52,0,317
Tez Johnson,WR,,,,,,0.4,4.79,0.1,0.13,,0.0,1.47,0,318
Van Jefferson,WR,,,,,,0.28,3.95,0.13,,,0.0,1.43,0,319
John Metchie,WR,,,,,,0.36,3.99,0.11,,,0.0,1.41,0,320
Tylan Wallace,WR,,,,,,0.23,2.89,0.14,0.34,,0.0,1.4,0,321
DeAndre Carter,WR,,,,,,0.22,2.72,0.15,0.11,,0.02,1.39,0,322
A.J. Dillon,RB,,,,,,0.18,1.36,,7.17,,0.01,1.39,0,323
Keaton Mitchell,RB,,,,,,0.04,0.41,,1.19,0.2,0.0,1.39,0,324
Raheem Mostert,RB,,,,,,0.31,2.22,,1.79,0.11,0.0,1.38,0,325
Darnell Washington,TE,,,,,,0.36,3.53,0.11,,,0.0,1.38,0,326
Chris Rodriguez,RB,,,,,,0.05,0.35,,1.72,0.19,0.0,1.37,0,327
Drew Ogletree,TE,,,,,,0.3,3.42,0.12,,,0.0,1.37,0,328
Jeremy McNichols,RB,,,,,,0.19,1.23,,3.14,0.12,0.0,1.36,0,329
Derius Davis,WR,,,,,,0.22,2.12,0.15,0.14,,0.07,1.34,0,330
Eric Saubert,TE,,,,,,0.46,4.01,0.08,,,0.0,1.34,0,331
Marquez Valdes-Scantling,WR,,,,,,0.37,7.21,,,,0.0,1.33,0,332
Oronde Gadsden,TE,,,,,,0.54,5.52,,,,0.0,1.27,0,333
George Holani,RB,,,,,,0.26,2.28,,7.66,,0.01,1.25,0,334
Ian Thomas,TE,,,,,,0.3,2.7,0.11,,,0.0,1.25,0,335
Jalin Hyatt,WR,,,,,,0.22,3.06,0.12,,,0.0,1.24,0,336
Malik Heath,WR,,,,,,0.33,3.53,0.09,0.28,,0.0,1.23,0,337
Craig Reynolds,RB,,,,,,0.05,0.44,,3.77,0.13,0.0,1.23,0,338
Savion Williams,WR,,,,,,0.25,2.82,0.09,1.28,,0.0,1.18,0,339
Arian Smith,WR,,,,,,0.21,2.34,0.12,0.14,,0.0,1.17,0,340
Tahj Brooks,RB,,,,,,0.05,0.5,,3.52,0.12,0.01,1.16,0,341
Mitchell Tinsley,WR,,,,,,0.2,2.28,0.12,,,0.0,1.14,0,342
Durham Smythe,TE,,,,,,0.28,2.7,0.1,,,0.0,1.14,0,343
Jermaine Burton,WR,,,,,,0.14,2.05,0.13,0.19,,0.0,1.14,0,344
Tim Patrick,WR,,,,,,0.18,2.41,0.12,,,0.0,1.14,0,345
Hunter Long,TE,,,,,,0.19,1.89,0.13,,,0.0,1.14,0,346
Jared Wiley,TE,,,,,,0.22,2.18,0.11,,,0.0,1.13,0,347
Tyler Goodson,RB,,,,,,0.21,1.53,,2.58,0.09,0.0,1.13,0,348
Jackson Hawes,TE,,,,,,0.28,2.91,0.09,,,0.0,1.12,0,349
Devontez Walker,WR,,,,,,0.18,2.28,0.11,0.34,,0.0,1.09,0,350
Davis Allen,TE,,,,,,,,0.18,,,,1.08,0,351
Luke McCaffrey,WR,,,,,,0.23,2.43,0.1,0.31,,0.0,1.08,0,352
Ben Skowronek,WR,,,,,,,,0.18,,,,1.07,0,353
Ashton Dulin,WR,,,,,,0.19,2.62,0.09,0.55,,0.0,1.04,0,354
Mitchell Evans,TE,,,,,,0.25,2.53,0.09,0.01,,0.0,1.03,0,355
Rasheen Ali,RB,,,,,,0.09,0.85,,2.96,0.09,0.0,1.02,0,356
Alec Ingold,FB,,,,,,0.35,3.08,,1.03,,0.0,1.0,0,357
Ben Sinnott,TE,,,,,,0.3,2.79,0.07,,,0.0,0.99,0,358
Kylen Granson,TE,,,,,,0.21,2.19,0.09,,,0.0,0.96,0,359
Stone Smartt,TE,,,,,,0.23,2.4,0.08,,,0.0,0.96,0,360
KhaDarel Hodge,WR,,,,,,0.06,0.82,0.13,0.26,,0.0,0.93,0,361
Chris Manhertz,TE,,,,,,0.19,1.85,0.09,,,0.0,0.9,0,362
Tim Jones,WR,,,,,,,,0.15,,,,0.89,0,363
Ty Chandler,RB,,,,,,,,,,0.15,,0.89,0,364
Tyler Johnson,DE,,,,,,,,,,0.14,,0.83,0,365
Scotty Miller,WR,,,,,,,,0.14,,,,0.83,0,366
Dominic Lovett,WR,,,,,,,,0.14,,,,0.82,0,367
Nikko Remigio,WR,,,,,,0.08,1.0,0.11,,,0.0,0.81,0,368
Jamal Agnew,WR,,,,,,,,0.13,,,,0.76,0,369
David Moore,G,,,,,,,,,,0.13,,0.76,0,370
Ryan Flournoy,WR,,,,,,,,0.13,,,,0.76,0,371
Harrison Bryant,TE,,,,,,0.4,3.6,,,,,0.76,0,372
Jordan Watkins,WR,,,,,,0.29,3.42,,,,0.0,0.75,0,373
Devin Duvernay,WR,,,,,,0.09,0.9,0.09,0.43,,0.03,0.75,0,374
Cody White,WR,,,,,,,,0.12,,,,0.74,0,375
Jalen Brooks,WR,,,,,,,,0.12,,,,0.74,0,376
C.J. Ham,FB,,,,,,,,,,0.12,,0.71,0,377
Darius Cooper,WR,,,,,,,,0.12,,,,0.71,0,378
Michael Carter,RB,,,,,,,,,,0.12,,0.71,0,379
Ko Kieft,TE,,,,,,,,0.12,,,,0.71,0,380
Efton Chism,WR,,,,,,,,0.12,,,,0.71,0,381
Andrew Beck,RB,,,,,,,,,,0.12,,0.69,0,382
Shane Zylstra,TE,,,,,,0.06,0.64,0.09,,,0.0,0.69,0,383
Tyrell Shavers,WR,,,,,,,,0.11,,,,0.67,0,384
Lucas Krull,TE,,,,,,,,0.11,,,,0.67,0,385
Jarquez Hunter,RB,,,,,,0.1,0.82,,3.58,,0.01,0.66,0,386
Quintin Morris,TE,,,,,,,,0.11,,,,0.64,0,387
Connor Heyward,TE,,,,,,0.06,0.54,0.08,,,0.0,0.6,0,388
LaJohntay Wester,WR,,,,,,,,0.1,,,,0.59,0,389
Ryan Miller,WR,,,,,,,,0.1,,,,0.59,0,390
Carson Steele,RB,,,,,,,,,,0.1,,0.59,0,391
Alex Bachman,WR,,,,,,,,0.1,,,,0.59,0,392
Jack Westover,TE,,,,,,,,0.1,,,,0.59,0,393
Jeff Wilson,RB,,,,,,,,,,0.1,,0.59,0,394
Ricky White,WR,,,,,,,,0.1,,,,0.59,0,395
Isaac Guerendo,RB,,,,,,0.12,1.03,,2.29,,0.0,0.57,0,396
Chris Moore,DB,,,,,,,,,,0.1,,0.57,0,397
Adam Prentice,FB,,,,,,,,,,0.09,,0.55,0,398
Dylan Laube,RB,,,,,,,,,,0.09,,0.55,0,399
Tanner Hudson,TE,,,,,,,,0.09,,,,0.55,0,400
Xavier Smith,WR,,,,,,0.21,2.32,,0.38,,0.09,0.54,0,401
Robbie Ouzts,RB,,,,,,,,,,0.09,,0.53,0,402
Ihmir Smith-Marsette,WR,,,,,,,,0.09,,,,0.52,0,403
Beaux Collins,WR,,,,,,,,0.09,,,,0.52,0,404
Nick Vannett,TE,,,,,,,,0.09,,,,0.52,0,405
Reggie Gilliam,RB,,,,,,,,,,0.08,,0.49,0,406
Will Mallory,TE,,,,,,0.21,2.2,,,,0.0,0.49,0,407
Jordan Mims,RB,,,,,,,,,,0.08,,0.49,0,408
Myles Price,WR,,,,,,,,0.08,,,,0.48,0,409
Britain Covey,WR,,,,,,,,0.08,,,,0.47,0,410
Blake Whiteheart,TE,,,,,,,,0.08,,,,0.47,0,411
Konata Mumpfield,WR,,,,,,,,0.08,,,,0.47,0,412
Tyler Scott,WR,,,,,,,,0.08,,,,0.45,0,413
Feleipe Franks,TE,,,,,,,,0.07,,,,0.43,0,414
Laquon Treadwell,WR,,,,,,,,0.07,,,,0.41,0,415
Anthony Gould,WR,,,,,,0.17,1.89,,,,0.0,0.36,0,416
Raheim Sanders,RB,,,,,,0.08,0.69,,1.48,,0.0,0.36,0,417
Colson Yankoff,TE,,,,,,,,0.06,,,,0.35,0,418
Teagan Quitoriano,TE,,,,,,,,0.05,,,,0.31,0,419
Ben Sims,TE,,,,,,,,0.05,,,,0.3,0,420
Jimmy Horn,WR,,,,,,0.11,1.18,,,,0.0,0.29,0,421
John FitzPatrick,TE,,,,,,,,0.04,,,,0.23,0,422
Skyy Moore,WR,,,,,,0.08,1.11,,,,0.0,0.19,0,423
Jordan James,RB,,,,,,0.04,0.39,,0.66,,0.0,0.15,0,424
Sione Vaki,RB,,,,,,0.02,0.23,,0.7,,0.0,0.11,0,425
