Player,Team,TruePos,Snaps,Solo Tkl,Ast. Tkl,TFL,QB Hits,PD,FF,FR,INT,SACK,Big3 FFPTS,FantPros FFPTS,FBGuys FFPTS,D-UP FFPTS,Big3 FFPTS/SNAP,,,,,,,
George Karlaftis,KC,ED,905,2.3,2.2,0.7,1.1,0.1,0.2,0,0,1.2,15.73,12.25,10.65,15.25,0.017,,,,,,,
Nick Bosa,SF,ED,875,2.6,1.4,0.8,1.6,0.3,0.1,0,0,0.9,15.40,11.00,9.30,14.70,0.018,,,,,,,
Myles Garrett,CLE,ED,865,2.6,1.2,0.9,1.4,0.1,0,0,0,1.1,14.65,11.15,9.35,14.70,0.017,,,,,,,
Maxx Crosby,LV,ED,1010,3.2,2.1,1.1,1.3,0.1,0,0,0,0.7,14.28,11.53,9.33,13.95,0.014,,,,,,,
Trey Hendrickson,CIN,ED,871,1.9,1.2,1.1,1.3,0,0,0,0,1.1,13.58,10.35,8.15,13.55,0.016,,Big 3 Scoring,,,,FantasyPros Scoring,
T.J. Watt,PIT,ED,873,2.1,2.3,0.5,1.3,0.1,0,0,0,0.9,12.85,9.63,8.63,12.40,0.015,,Solo Tkl,1.25,,,Solo tackle,1.5
Nik Bonitto,DEN,ED,735,2.1,1.4,0.9,1.1,0,0,0,0,0.9,12.18,9.60,7.80,12.15,0.017,,Assist,0.75,,,Assist,0.75
Jared Verse,LAR,ED,835,2.1,1.7,0.36,0.72,0,0.02,0.01,0,0.9,10.71,8.87,8.12,10.93,0.013,,,,,,TFL,2
Aidan Hutchinson,DET,ED,955,2.6,1.7,0.6,0.82,0.2,0,0,0,0.5,10.67,8.68,7.48,10.57,0.013,,,,,,Pass defended,1.5
Will McDonald,NYJ,ED,655,2.1,0.9,0.4,0.7,0.2,0,0,0,0.7,9.80,7.73,6.93,10.10,0.012,,Tackle for Loss (TFL),2,,,FF,4
Haason Reddick,TB,ED,745,1.4,1.3,0.43,0.56,0.12,0.01,0,0,0.89,9.70,7.72,6.85,10.02,0.012,,Pass Defended (PD),4,,,FR,4
Dorance Armstrong,WAS,ED,,2.4,1.2,0.35,0.56,0,0,0,0,0.79,9.67,8.36,7.66,10.20,0.012,,,,,,INT,5
Josh Allen,JAX,ED,835,2.4,0.9,0.24,0.68,0,0.02,0,0,0.69,9.09,7.60,7.10,9.41,0.011,,Interception (INT),6,,,Sack,4
Jonathan Greenard,MIN,ED,905,2.5,1.1,0.22,0.37,0,0,0,0,0.79,9.08,8.18,7.74,9.85,0.011,,Forced Fumble (FF),4,,,,
Micah Parsons,GB,ED,875,2.1,1.3,0.61,0.58,0,0,0,0,0.61,9.03,7.79,6.57,9.26,0.011,,Fumble Recovery,3,,,,
DeForest Buckner,IND,DT,815,4.2,1.2,0.4,0.2,0,0,0,0,0.3,8.85,9.20,8.40,9.70,0.011,,Sack,5,,,,
Brian Burns,NYG,ED,825,2.4,1.4,0.51,0.52,0,0,0,0,0.51,8.66,7.71,6.69,8.90,0.010,,,,,,,
Dexter Lawrence,NYG,DT,705,3.4,1.7,0.34,0.19,0,0.01,0,0,0.36,8.45,8.54,7.85,9.01,0.010,,QB Hits,2,,,,
Nnamdi Madubuike,BAL,DT,752,2.4,1.3,0.39,0.32,0,0,0,0,0.6,8.40,7.76,6.98,8.95,0.010,,,,,,,
Alex Highsmith,PIT,ED,752,2.4,1.4,0.37,0.47,0,0,0,0,0.49,8.18,7.35,6.61,8.45,0.010,,Footballguys Scoring,,,,D-UP Scoring,
Will Anderson,HOU,ED,736,2.3,1.3,0.36,0.29,0,0.02,0,0,0.58,8.17,7.55,6.81,8.65,0.010,,,,,,,
Jonathon Cooper,DEN,ED,795,2.3,1.4,0.2,0.4,0,0,0,0,0.6,8.13,7.30,6.90,8.55,0.010,,,,,,,
Harold Landry,NE,ED,775,1.6,1.3,0.4,0.34,0.1,0,0,0,0.65,8.11,6.93,6.13,8.49,0.010,,Solo tackle,1.5,,,Solo tackle,1.5
Danielle Hunter,HOU,ED,755,2.6,1.6,0.2,0.34,0,0.02,0,0,0.48,8.05,7.50,7.08,8.38,0.011,,Assist,0.75,,,Assist,0.5
Chop Robinson,MIA,ED,647,2.4,1.3,0.34,0.36,0,0,0,0,0.53,8.03,7.38,6.70,8.47,0.012,,Pass defended,1.5,,,TFL,2
Jeffery Simmons,TEN,DT,806,2.9,1.3,0.49,0.21,0.01,0,0,0,0.39,7.99,7.88,6.90,8.57,0.010,,FF,3,,,QB hit,1
Rashan Gary,GB,ED,655,2.4,1.3,0.41,0.68,0,0,0,0,0.36,7.96,6.84,6.02,7.91,0.012,,FR,3,,,Pass defended,4
Gregory Rousseau,BUF,ED,825,2.4,1.2,0.6,0.5,0.1,0,0,0,0.29,7.95,7.01,5.81,8.04,0.010,,INT,5,,,FF,3
Nolan Smith,PHI,ED,715,1.6,1.7,0.3,0.4,0,0,0,0,0.63,7.83,6.80,6.20,8.03,0.011,,Sack,4,,,FR,3
Jermaine Johnson,NYJ,ED,705,1.4,1.6,0.4,0.3,0,0,0,0,0.66,7.65,6.74,5.94,7.96,0.011,,,,,,INT,6
Andrew Van Ginkel,MIN,ED,875,3.1,1.2,0.2,0.1,0,0,0,0,0.41,7.43,7.59,7.19,8.21,0.008,,,,,,Sack,6
Chris Jones,KC,DT,865,3.4,1.3,0.27,0.3,0,0,0,0,0.2,7.37,7.42,6.88,7.79,0.009,,,,,,,
Derrick Brown,CAR,DT,885,4.2,1.3,0.1,0.1,0,0,0,0,0.1,7.13,7.88,7.68,7.85,0.008,,,,,,,
Josh Sweat,ARI,ED,746,2.4,0.8,0.3,0.2,0,0,0,0,0.5,7.10,6.80,6.20,7.80,0.010,,,,,,,
Cameron Heyward,PIT,DT,704,2.7,1.4,0.31,0.26,0,0,0,0,0.29,7.02,6.88,6.26,7.37,0.010,,,,,,,
Zach Allen,DEN,DT,915,2.9,1.4,0.2,0.2,0,0,0,0,0.3,6.98,7.00,6.60,7.45,0.008,,,,,,,
Carl Granderson,NO,ED,735,3.1,1.3,0.1,0.2,0,0,0,0,0.3,6.95,7.03,6.83,7.50,0.009,,,,,,,
Malcolm Koonce,LV,ED,605,2.2,1.4,0.25,0.36,0,0,0,0,0.37,6.87,6.33,5.83,7.08,0.011,,,,,,,
Leonard Williams,SEA,DT,725,3.4,1.1,0.2,0.17,0,0,0,0,0.21,6.87,7.17,6.77,7.48,0.009,,,,,,,
Byron Young,LAR,ED,771,1.9,0.9,0.2,0.2,0,0,0,0,0.6,6.85,6.33,5.93,7.50,0.009,,,,,,,
Quinnen Williams,NYJ,DT,755,3.2,1.1,0.2,0.27,0,0,0,0,0.21,6.82,6.87,6.47,7.28,0.009,,,,,,,
Laiatu Latu,IND,ED,765,2.6,0.9,0.3,0.25,0,0,0,0,0.35,6.78,6.19,5.98,7.30,0.011,,,,,,,
Kyle Van Noy,BAL,ED,625,2.3,1.3,0.42,0.41,0,0,0,0,0.23,6.66,6.25,5.35,6.73,#DIV/0!,,,,,,,
Arden Key,TEN,ED,,2.1,1.2,0.31,0.25,0.01,0,0,0,0.39,6.64,6.11,5.63,7.00,0.010,,,,,,,
Dallas Turner,MIN,ED,684,2.1,1.3,0.27,0.34,0,0,0,0,0.36,6.62,5.68,5.57,6.84,0.009,,,,,,,
Tuli Tuipulotu,LAC,ED,745,1.3,2.1,0.2,0.3,0.1,0,0,0,0.4,6.60,5.61,5.28,6.50,0.009,,,,,,,
Bradley Chubb,MIA,ED,706,1.7,1.3,0.32,0.36,0,0,0,0,0.36,6.26,5.90,4.97,6.36,#REF!,,,,,,,
Yaya Diaby,TB,ED,765,1.9,1.4,0.2,0.2,0,0,0,0,0.4,6.23,5.93,5.50,6.55,0.011,,,,,,,
Odafe Oweh,BAL,ED,560,1.9,2.1,0.23,0.19,0,0,0,0,0.26,6.09,5.82,5.47,6.11,#DIV/0!,,,,,,,
Dante Fowler,DAL,ED,,2.4,1.3,0.23,0.24,0.07,0,0,0,0.17,6.05,5.50,5.36,6.25,0.008,,,,,,,
Jaelan Phillips,MIA,ED,702,1.8,1.2,0.27,0.25,0,0,0,0,0.34,5.89,5.90,4.96,6.13,0.010,,,,,,,
Khalil Mack,LAC,ED,635,1.9,1.2,0.2,0.1,0,0,0,0,0.4,5.88,5.56,5.35,6.35,,,,,,,,
Braden Fiske,LAR,DT,605,2.4,1.2,0.1,0.1,0,0,0,0,0.3,5.80,5.56,5.70,6.30,0.007,,,,,,,
Zach Sieler,MIA,DT,825,1.9,1.4,0.23,0.17,0,0,0,0,0.3,5.73,5.05,5.10,5.98,0.009,,,,,,,
Jalyx Hunt,PHI,ED,623,1.6,1.4,0.18,0.31,0,0,0,0,0.31,5.58,4.85,4.69,5.63,0.009,,,,,,,
Isaiah McGuire,CLE,ED,635,0.9,1.2,0.3,0.2,0,0,0,0,0.5,5.53,5.27,4.25,5.75,0.007,,,,,,,
Travon Walker,JAX,ED,835,1.3,2.4,0.34,0.18,0,0,0,0,0.21,5.52,5.71,4.59,5.27,#DIV/0!,,,,,,,
Keeanu Benton,PIT,DT,,2.4,1.1,0.32,0.12,0,0,0,0,0.16,5.51,5.73,5.07,5.87,0.007,,,,,,,
Kobie Turner,LAR,DT,802,2.6,1.1,0.1,0.1,0,0,0,0,0.2,5.48,5.59,5.53,5.95,0.007,,,,,,,
Adam Butler,LV,DT,765,2.3,2.1,0.12,0.16,0,0,0,0,0.08,5.41,5.12,5.35,5.38,#DIV/0!,,,,,,,
Joey Bosa,BUF,ED,,1.7,1.4,0.24,0.19,0,0.07,0,0,0.19,5.41,5.58,4.57,5.27,0.008,,,,,,,
Ed Oliver,BUF,DT,706,2.7,0.6,0.34,0.19,0,0,0,0,0.1,5.39,5.18,4.90,5.82,0.006,,,,,,,
Jalen Carter,PHI,DT,870,1.6,1.2,0.3,0.12,0,0,0,0,0.32,5.34,4.89,4.58,5.64,0.012,,,,,,,
Marshawn Kneeland,DAL,ED,435,1.7,1.2,0.14,0.24,0,0,0,0,0.29,5.24,4.68,4.61,5.41,#DIV/0!,,,,,,,
Myles Murphy,CLE,ED,,1.6,0.7,0.29,0.28,0.01,0,0,0,0.29,5.16,5.04,4.10,5.39,#DIV/0!,,,,,,,
Calijah Kancey,TB,DT,,1.8,0.7,0.18,0.09,0.01,0,0,0,0.36,5.16,4.81,4.68,5.70,0.007,,,,,,,
Montez Sweat,CHI,ED,705,1.6,1.4,0.1,0.2,0,0,0,0,0.29,5.10,4.70,4.61,5.24,#DIV/0!,,,,,,,
Milton Williams,NE,DT,,1.5,1.3,0.21,0.19,0.01,0,0,0,0.26,4.99,4.47,4.28,5.11,#DIV/0!,,,,,,,
Dayo Odeyingbo,CHI,ED,,1.2,1.4,0.28,0.24,0.01,0,0,0,0.26,4.93,4.27,3.91,4.90,#DIV/0!,,,,,,,
Marcus Davenport,DET,ED,,1.4,0.9,0.32,0.35,0.01,0,0,0,0.21,4.86,4.39,3.63,4.84,#DIV/0!,,,,,,,
Sam Williams,DAL,ED,,1.2,1.8,0.24,0.25,0,0,0,0,0.19,4.78,4.48,3.91,4.57,#DIV/0!,,,,,,,
Leonard Floyd,ATL,ED,,1.4,1.6,0.21,0.22,0,0,0,0,0.19,4.76,4.50,4.06,4.68,0.007,,,,,,,
Donovan Ezeiruaku,DAL,ED,647,1.6,1.4,0.19,0.2,0,0,0,0,0.18,4.73,4.42,4.17,4.76,,,,,,,,
Abdul Carter,NYG,ED,645,1.6,1.2,0.18,0.21,0,0,0,0,0.21,4.73,4.42,4.14,4.83,#DIV/0!,,,,,,,
Von Miller,WAS,ED,,1.4,1.2,0.29,0.21,0,0,0,0,0.21,4.70,4.85,3.84,4.75,#DIV/0!,,,,,,,
Grover Stewart,IND,DT,,2.1,1.7,0.07,0.09,0,0,0,0,0.07,4.57,4.85,4.71,4.65,0.011,,,,,,,
Mike Green,BAL,ED,425,1.6,1.1,0.14,0.21,0,0,0,0,0.19,4.48,4.27,3.99,4.58,,,,,,,,
Kayvon Thibodeaux,NYG,ED,545,1.6,1.2,0.16,0.14,0,0,0,0,0.19,4.45,4.38,4.06,4.60,,,,,,,,
Tyree Wilson,LV,ED,,1.4,1.1,0.21,0.24,0,0,0,0,0.19,4.43,4.11,3.69,4.45,,,,,,,,
Joseph Ossai,CIN,ED,430,1.4,1.1,0.16,0.18,0,0,0,0,0.21,4.31,4.09,3.77,4.41,,,,,,,,
Arnold Ebiketie,ATL,ED,507,1.2,1.6,0.17,0.21,0,0,0,0,0.16,4.26,3.98,3.64,4.11,,,,,,,,
Lukas Van Ness,GB,ED,405,1.3,1.6,0.12,0.18,0,0,0,0,0.16,4.23,4.03,3.79,4.13,,,,,,,,
Alex Wright,CLE,ED,,1.6,0.7,0.17,0.23,0,0,0,0,0.17,4.18,3.95,3.61,4.34,,,,,,,,
Anfernee Jennings,NE,ED,635,1.4,1.3,0.11,0.18,0,0,0,0,0.17,4.16,3.98,3.76,4.17,,,,,,,,
James Pearce,ATL,ED,606,1.7,1.3,0.14,0.17,0,0,0,0,0.07,4.07,4.09,3.81,4.07,,,,,,,,
Boye Mafe,SEA,ED,629,1.2,1.3,0.15,0.19,0,0,0,0,0.18,4.06,3.80,3.50,4.02,,,,,,,,
Patrick Jones,CAR,ED,715,1.1,1.4,0.17,0.14,0,0,0,0,0.16,3.85,3.68,3.34,3.79,,,,,,,,